{"cows":[{"id":"Cuba","calfs":[],"cowstate":"INSEMINATED","diseases":[],"medicineApplied":[],"heatDate":"2020-2-19","inseminationDate":"2020-2-17","breed":{"name":"Simmenthal","description":"Raza de ganado vacuno suizo, productora de leche y de carne.","icon":"resources/images/breeds/Simmenthal.png"}},{"id":"Pandora","calfs":[],"cowstate":"INSEMINATED","diseases":[],"medicineApplied":[],"heatDate":"2019-11-15","inseminationDate":"2019-11-17","breed":{"name":"Jersey","description":"Raza de ganado vacuno britanico productor de leche, de pelaje marron claro.","icon":"resources/images/breeds/Jersey.png"}},{"id":"Paola","calfs":[],"cowstate":"DRYING","diseases":[],"medicineApplied":[],"heatDate":"2000-1-1","inseminationDate":"2000-1-1","breed":{"name":"Simmenthal","description":"Raza de ganado vacuno suizo, productora de leche y de carne.","icon":"resources/images/breeds/Simmenthal.png"}},{"id":"Lola","calfs":[],"cowstate":"MILKMAID","diseases":[],"medicineApplied":[],"heatDate":"Sin Especificar","inseminationDate":"Sin Especificar","breed":{"name":"Jersey","description":"Raza de ganado vacuno britanico productor de leche, de pelaje marron claro.","icon":"resources/images/breeds/Jersey.png"}},{"id":"Abelina","calfs":[],"cowstate":"INSEMINATED","diseases":[],"medicineApplied":[],"heatDate":"2020-9-30","inseminationDate":"2020-10-2","breed":{"name":"Normando","description":"Raza de ganado lechero de la region de Normandia. Es criado principalmente por su leche.","icon":"resources/images/breeds/Normando.png"}},{"id":"Zafiro","calfs":[],"cowstate":"DRYING","diseases":[],"medicineApplied":[],"heatDate":"Sin Especificar","inseminationDate":"2011-1-1","breed":{"name":"Holstein","description":"Raza vacuna procedente de la region frisosajona, que destaca por su alta producción de leche, carne y su adaptabilidad.","icon":"resources/images/breeds/Holstein.png"}},{"id":"Juana","calfs":[],"cowstate":"SIN","diseases":[],"medicineApplied":[],"heatDate":"2020-9-20","inseminationDate":"2020-9-23","breed":{"name":"Normando","description":"Raza de ganado lechero de la region de Normandia. Es criado principalmente por su leche.","icon":"resources/images/breeds/Normando.png"}},{"id":"Conchita","calfs":[],"cowstate":"INSEMINATED","diseases":[],"medicineApplied":[],"heatDate":"2019-8-3","inseminationDate":"2019-8-5","breed":{"name":"Holstein","description":"Raza vacuna procedente de la region frisosajona, que destaca por su alta producción de leche, carne y su adaptabilidad.","icon":"resources/images/breeds/Holstein.png"}}]}