{"reports":[{"reportDate":"2020-09-13","litersMilk":100,"inventoryConsumed":{"rentMilk":3,"salt":6,"preLactation":0}},{"reportDate":"2020-09-17  /  14:14","litersMilk":120,"inventoryConsumed":{"rentMilk":12,"salt":0,"preLactation":3},"performance":0.0},{"reportDate":"2020-09-17  /  14:16","litersMilk":110,"inventoryConsumed":{"rentMilk":8,"salt":1,"preLactation":0},"performance":0.0},{"reportDate":"2020-09-17  /  14:20","litersMilk":30,"inventoryConsumed":{"rentMilk":11,"salt":0,"preLactation":0},"performance":0.0},{"reportDate":"2020-09-17  /  14:35","litersMilk":89,"inventoryConsumed":{"rentMilk":13,"salt":5,"preLactation":3},"performance":0.0},{"reportDate":"2020-09-17  /  16:53","litersMilk":80,"inventoryConsumed":{"rentMilk":8,"salt":0,"preLactation":5},"performance":0.0},{"reportDate":"2020-09-17  /  16:54","litersMilk":10,"inventoryConsumed":{"rentMilk":1,"salt":2,"preLactation":9},"performance":0.0},{"reportDate":"2020-09-19  /  02:37","litersMilk":120,"inventoryConsumed":{"rentMilk":5,"salt":2,"preLactation":1},"performance":0.0},{"reportDate":"2021-05-14  /  11:49","litersMilk":120,"inventoryConsumed":{"rentMilk":5,"salt":8,"preLactation":6},"performance":0.0},{"reportDate":"2021-05-17  /  21:04","litersMilk":150,"inventoryConsumed":{"rentMilk":120,"salt":105,"preLactation":124},"performance":0.0},{"reportDate":"2021-05-17  /  21:05","litersMilk":150,"inventoryConsumed":{"rentMilk":4,"salt":6,"preLactation":8},"performance":0.0}]}